<?xml version="1.0" encoding="UTF-8"?>
<Configuration status="debug" name="Crawler" packages="">
    <Appenders>
        <Console name="Console" target="SYSTEM_OUT">
            <PatternLayout pattern="%d{HH:mm:ss.SSS} [%t] %-5level %logger{36} - %msg%n" />
        </Console>
        <File name="InfoFile" fileName="logs/INFO.log" immediateFlush="false" append="true">
            <PatternLayout pattern="%d{yyyy-MM-dd HH:mm:ss.SSS} [%t] %-5level %logger{36} - %msg%n" />
            <Filters>
        		<ThresholdFilter level="warn"  onMatch="DENY" onMismatch="NEUTRAL"/>
        		<ThresholdFilter level="error" onMatch="DENY" onMismatch="NEUTRAL"/>
        		<ThresholdFilter level="fatal" onMatch="DENY" onMismatch="NEUTRAL"/>
        		
        		<ThresholdFilter level="info"  onMatch="ACCEPT" onMismatch="DENY"/>
        	</Filters>
        </File>        
    	<Async name="AsyncInfo">
      		<AppenderRef ref="InfoFile"/>
    	</Async>
        <File name="DebugFile" fileName="logs/DEBUG.log" immediateFlush="false" append="true">
            <PatternLayout pattern="%d{yyyy-MM-dd HH:mm:ss.SSS} [%t] %-5level %logger{36} - %msg%n" />
            <Filters>
        		<ThresholdFilter level="info"  onMatch="DENY" onMismatch="NEUTRAL"/>
        		<ThresholdFilter level="warn"  onMatch="DENY" onMismatch="NEUTRAL"/>
        		<ThresholdFilter level="error" onMatch="DENY" onMismatch="NEUTRAL"/>
        		<ThresholdFilter level="fatal" onMatch="DENY" onMismatch="NEUTRAL"/>
        		
        		<ThresholdFilter level="debug"  onMatch="ACCEPT" onMismatch="DENY"/>
        	</Filters>
        </File>        
    	<Async name="AsyncDebug">
      		<AppenderRef ref="DebugFile"/>
    	</Async>
        <File name="ErrorFile" fileName="logs/ERROR.log" immediateFlush="false" append="true">
            <PatternLayout pattern="%d{yyyy-MM-dd HH:mm:ss.SSS} [%t] %-5level %logger{36} - %msg%n" />
        </File>        
    	<Async name="AsyncError">
      		<AppenderRef ref="ErrorFile"/>
    	</Async>
    </Appenders>
    <Loggers>
        <Root level="debug">
        	<AppenderRef ref="Console" />
            <AppenderRef ref="AsyncInfo" />
            <AppenderRef ref="AsyncDebug" />
            <AppenderRef ref="AsyncError" />
        </Root>
    </Loggers>
</Configuration>